{
    "model_name": "NCF",
    "rmse": 0.8758904476594858,
    "mae": 0.6904203345112558,
    "mse": 0.7671840763011343,
    "r2": 0.38810927822753494,
    "training_time": 72.050985
}